<?xml version="1.0" encoding="UTF-8"?>
<beans xmlns="http://www.springframework.org/schema/beans"
	xmlns:xsi="http://www.w3.org/2001/XMLSchema-instance"
	xmlns:p="http://www.springframework.org/schema/p"
	xmlns:context="http://www.springframework.org/schema/context"
	xmlns:mvc="http://www.springframework.org/schema/mvc"
	xsi:schemaLocation="http://www.springframework.org/schema/mvc http://www.springframework.org/schema/mvc/spring-mvc-3.2.xsd
		http://www.springframework.org/schema/beans http://www.springframework.org/schema/beans/spring-beans.xsd
		http://www.springframework.org/schema/context http://www.springframework.org/schema/context/spring-context-3.2.xsd">

    <!-- oracle db -->
	<bean id="dataSource"
		class="org.springframework.jdbc.datasource.DriverManagerDataSource"
		p:driverClassName="oracle.jdbc.driver.OracleDriver"
		p:url="jdbc:oracle:thin:@localhost:1521:orcl"
		p:username="bang"
		p:password="1234">
	</bean>
	<bean id="sqlSessionFactory"
		class="org.mybatis.spring.SqlSessionFactoryBean"
		p:dataSource-ref="dataSource"
		p:configLocation="classpath:config/mybatis-config.xml">
	</bean>
	<bean id="sqlSession"
		class="org.mybatis.spring.SqlSessionTemplate">
		<constructor-arg ref="sqlSessionFactory"/>
	</bean>
	
	<!-- View Resolver 객체 : jsp를 찾는 객체(property : prefix,suffix,viewClass 사용) -->
	<bean id="internalResourceViewResolver"
		class="org.springframework.web.servlet.view.InternalResourceViewResolver">
		<property name="prefix">
			<value>/</value>
		</property>
		<property name="suffix">
			<value>.jsp</value>
		</property>
		<property name="viewClass">
			<value>org.springframework.web.servlet.view.JstlView</value>
		</property>
	</bean>
	
	<!-- handler mapping -->
	<bean
		class="org.springframework.web.servlet.mvc.support.ControllerClassNameHandlerMapping">
	</bean>
	
	<!-- Anotaion -->
	<context:component-scan base-package="controller,dao,logic,utils,m_controller,m_dao,m_logic">
	</context:component-scan>
	
	<mvc:annotation-driven></mvc:annotation-driven>
	
    <bean id="jacksonMessageConverter"
        class="org.springframework.http.converter.json.MappingJacksonHttpMessageConverter">
    </bean>
	
    <bean
        class="org.springframework.web.servlet.mvc.annotation.AnnotationMethodHandlerAdapter"
        >
        <property name="messageConverters">
            <list>
                <ref bean="jacksonMessageConverter"/>
            </list>
        </property>
    </bean>
	
	<!-- fileupload Resolver-->
    <bean id="multipartResolver"
       class="org.springframework.web.multipart.commons.CommonsMultipartResolver"
       p:maxInMemorySize="53477376"
       p:maxUploadSize="53477376">
    </bean>

	<bean id="messageSource"
		class="org.springframework.context.support.ResourceBundleMessageSource">
		<property name="basenames">
			<list>
				<value>messages</value><!-- 여기에 프로퍼티스 파일이름을 넣음._국가코드는 생략 -->
			</list>
		</property>
	</bean>
    
</beans>
